entry_num,pan,aadhaar,status,link_status,message,timestamp
1,COPPS9926E,296645000000.0,Failed,N/A,"Error: Message: 
Stacktrace:
Symbols not available. Dumping unresolved backtrace:
	0xca4103
	0xca4144
	0xaae71d
	0xafa03d
	0xafa41b
	0xb417f2
	0xb1c954
	0xb3ee17
	0xb1c706
	0xaeda30
	0xaeed54
	0xf157b4
	0xf1098a
	0xccc392
	0xcbc4c8
	0xcc324d
	0xcac478
	0xcac63c
	0xc967ca
	0x77145d49
	0x77c2d6db
	0x77c2d661
",2025-11-21 21:32:49
2,ADYPA4728N,472950000000.0,Failed,N/A,"Error: Message: 
Stacktrace:
Symbols not available. Dumping unresolved backtrace:
	0xca4103
	0xca4144
	0xaae71d
	0xafa03d
	0xafa41b
	0xb417f2
	0xb1c954
	0xb3ee17
	0xb1c706
	0xaeda30
	0xaeed54
	0xf157b4
	0xf1098a
	0xccc392
	0xcbc4c8
	0xcc324d
	0xcac478
	0xcac63c
	0xc967ca
	0x77145d49
	0x77c2d6db
	0x77c2d661
",2025-11-21 21:33:13
